Workbook

Sheet Combined_Data
A1: SampleName | B1: Tissue | C1: MDV_Rep1 | D1: MDV_Rep2 | E1: MDV_Rep3 | F1: MDV_Mean | G1: MDV_CV_percent | H1: MDV_Status | I1: Systemic_Burden | J1: Burden_Group | K1: IFNG_Rep1 | L1: IFNG_Rep2 | M1: IFNG_Rep3 | N1: IFNG_Mean | O1: IFNG_CV_percent | P1: IL2_Rep1 | Q1: IL2_Rep2 | R1: IL2_Rep3 | S1: IL2_Mean | T1: IL2_CV_percent | U1: IL4_Rep1 | V1: IL4_Rep2 | W1: IL4_Rep3 | X1: IL4_Mean | Y1: IL4_CV_percent | Z1: IL6_Rep1 | AA1: IL6_Rep2 | AB1: IL6_Rep3 | AC1: IL6_Mean | AD1: IL6_CV_percent | AE1: IL10_Rep1 | AF1: IL10_Rep2 | AG1: IL10_Rep3 | AH1: IL10_Mean | AI1: IL10_CV_percent | AJ1: IL17_Rep1 | AK1: IL17_Rep2 | AL1: IL17_Rep3 | AM1: IL17_Mean | AN1: IL17_CV_percent
A2: Ch-8 | B2: Liver | C2: 646.92993 | D2: 501.33389 | E2: 651.85468 | F2: =AVERAGE(C2:E2) -> 600.0395 | G2: =IFERROR(_xludf.STDEV.S(C2:E2)/AVERAGE(C2:E2)*100,"") | H2: =IF(F2>0,"MDV-positive","Control/ND") -> MDV-positive | I2: =INDEX(Bird_Summary!$D$2:$D$24,MATCH(A2,Bird_Summary!$A$2:$A$24,0)) -> 190.71825 | J2: =INDEX(Bird_Summary!$F$2:$F$24,MATCH(A2,Bird_Summary!$A$2:$A$24,0)) -> Lower | K2: 1.08374 | L2: 1.02324 | M2: 1.08775 | N2: =AVERAGE(K2:M2) -> 1.06491 | O2: =IFERROR(_xludf.STDEV.S(K2:M2)/AVERAGE(K2:M2)*100,"") | P2: 0.10469 | Q2: 0.11746 | R2: 0.11626 | S2: =AVERAGE(P2:R2) -> 0.11280333 | T2: =IFERROR(_xludf.STDEV.S(P2:R2)/AVERAGE(P2:R2)*100,"") | U2: 0.66004 | V2: 0.69014 | W2: 0.71274 | X2: =AVERAGE(U2:W2) -> 0.68764 | Y2: =IFERROR(_xludf.STDEV.S(U2:W2)/AVERAGE(U2:W2)*100,"") | Z2: 3.87314 | AA2: 4.06408 | AB2: 4.0479 | AC2: =AVERAGE(Z2:AB2) -> 3.99504 | AD2: =IFERROR(_xludf.STDEV.S(Z2:AB2)/AVERAGE(Z2:AB2)*100,"") | AE2: 1.17711 | AF2: 1.19992 | AG2: 1.08203 | AH2: =AVERAGE(AE2:AG2) -> 1.15302 | AI2: =IFERROR(_xludf.STDEV.S(AE2:AG2)/AVERAGE(AE2:AG2)*100,"") | AJ2: 0.2911 | AK2: 0.25782 | AL2: 0.27909 | AM2: =AVERAGE(AJ2:AL2) -> 0.27600333 | AN2: =IFERROR(_xludf.STDEV.S(AJ2:AL2)/AVERAGE(AJ2:AL2)*100,"")
A3: Ch-8 | B3: Spleen | C3: 44.811958 | D3: 82.543488 | E3: 54.49984 | F3: =AVERAGE(C3:E3) -> 60.618429 | G3: =IFERROR(_xludf.STDEV.S(C3:E3)/AVERAGE(C3:E3)*100,"") | H3: =IF(F3>0,"MDV-positive","Control/ND") -> MDV-positive | I3: =INDEX(Bird_Summary!$D$2:$D$24,MATCH(A3,Bird_Summary!$A$2:$A$24,0)) -> 190.71825 | J3: =INDEX(Bird_Summary!$F$2:$F$24,MATCH(A3,Bird_Summary!$A$2:$A$24,0)) -> Lower | K3: 2.1757 | L3: 2.09475 | M3: 2.06575 | N3: =AVERAGE(K3:M3) -> 2.1120667 | O3: =IFERROR(_xludf.STDEV.S(K3:M3)/AVERAGE(K3:M3)*100,"") | P3: 0.15599 | Q3: 0.17009 | R3: 0.17078 | S3: =AVERAGE(P3:R3) -> 0.16562 | T3: =IFERROR(_xludf.STDEV.S(P3:R3)/AVERAGE(P3:R3)*100,"") | U3: 0.9412 | V3: 1.02239 | W3: 0.96684 | X3: =AVERAGE(U3:W3) -> 0.97681 | Y3: =IFERROR(_xludf.STDEV.S(U3:W3)/AVERAGE(U3:W3)*100,"") | Z3: 3.06417 | AA3: 3.12303 | AB3: 3.404 | AC3: =AVERAGE(Z3:AB3) -> 3.1970667 | AD3: =IFERROR(_xludf.STDEV.S(Z3:AB3)/AVERAGE(Z3:AB3)*100,"") | AE3: 1.31709 | AF3: 1.27345 | AG3: 1.40219 | AH3: =AVERAGE(AE3:AG3) -> 1.33091 | AI3: =IFERROR(_xludf.STDEV.S(AE3:AG3)/AVERAGE(AE3:AG3)*100,"") | AJ3: 0.38848 | AK3: 0.345 | AL3: 0.37341 | AM3: =AVERAGE(AJ3:AL3) -> 0.36896333 | AN3: =IFERROR(_xludf.STDEV.S(AJ3:AL3)/AVERAGE(AJ3:AL3)*100,"")
A4: Ch-9 | B4: Liver | C4: 38.613724 | D4: 54.550472 | E4: 58.337944 | F4: =AVERAGE(C4:E4) -> 50.500713 | G4: =IFERROR(_xludf.STDEV.S(C4:E4)/AVERAGE(C4:E4)*100,"") | H4: =IF(F4>0,"MDV-positive","Control/ND") -> MDV-positive | I4: =INDEX(Bird_Summary!$D$2:$D$24,MATCH(A4,Bird_Summary!$A$2:$A$24,0)) -> 91.596521 | J4: =INDEX(Bird_Summary!$F$2:$F$24,MATCH(A4,Bird_Summary!$A$2:$A$24,0)) -> Lower | K4: 1.09894 | L4: 1.00684 | M4: 1.05517 | N4: =AVERAGE(K4:M4) -> 1.05365 | O4: =IFERROR(_xludf.STDEV.S(K4:M4)/AVERAGE(K4:M4)*100,"") | P4: 0.13342 | Q4: 0.1309 | R4: 0.13879 | S4: =AVERAGE(P4:R4) -> 0.13437 | T4: =IFERROR(_xludf.STDEV.S(P4:R4)/AVERAGE(P4:R4)*100,"") | U4: 0.65012 | V4: 0.57539 | W4: 0.61382 | X4: =AVERAGE(U4:W4) -> 0.61311 | Y4: =IFERROR(_xludf.STDEV.S(U4:W4)/AVERAGE(U4:W4)*100,"") | Z4: 2.2783 | AA4: 2.42743 | AB4: 2.19175 | AC4: =AVERAGE(Z4:AB4) -> 2.29916 | AD4: =IFERROR(_xludf.STDEV.S(Z4:AB4)/AVERAGE(Z4:AB4)*100,"") | AE4: 1.65979 | AF4: 1.48397 | AG4: 1.54922 | AH4: =AVERAGE(AE4:AG4) -> 1.5643267 | AI4: =IFERROR(_xludf.STDEV.S(AE4:AG4)/AVERAGE(AE4:AG4)*100,"") | AJ4: 0.23946 | AK4: 0.22582 | AL4: 0.2149 | AM4: =AVERAGE(AJ4:AL4) -> 0.22672667 | AN4: =IFERROR(_xludf.STDEV.S(AJ4:AL4)/AVERAGE(AJ4:AL4)*100,"")
A5: Ch-9 | B5: Spleen | C5: 191.88757 | D5: 166.54329 | E5: 139.97334 | F5: =AVERAGE(C5:E5) -> 166.13474 | G5: =IFERROR(_xludf.STDEV.S(C5:E5)/AVERAGE(C5:E5)*100,"") | H5: =IF(F5>0,"MDV-positive","Control/ND") -> MDV-positive | I5: =INDEX(Bird_Summary!$D$2:$D$24,MATCH(A5,Bird_Summary!$A$2:$A$24,0)) -> 91.596521 | J5: =INDEX(Bird_Summary!$F$2:$F$24,MATCH(A5,Bird_Summary!$A$2:$A$24,0)) -> Lower | K5: 2.01392 | L5: 1.89253 | M5: 1.94247 | N5: =AVERAGE(K5:M5) -> 1.94964 | O5: =IFERROR(_xludf.STDEV.S(K5:M5)/AVERAGE(K5:M5)*100,"") | P5: 0.2017 | Q5: 0.21896 | R5: 0.19491 | S5: =AVERAGE(P5:R5) -> 0.20519 | T5: =IFERROR(_xludf.STDEV.S(P5:R5)/AVERAGE(P5:R5)*100,"") | U5: 0.71244 | V5: 0.76859 | W5: 0.74383 | X5: =AVERAGE(U5:W5) -> 0.74162 | Y5: =IFERROR(_xludf.STDEV.S(U5:W5)/AVERAGE(U5:W5)*100,"") | Z5: 1.77175 | AA5: 1.68179 | AB5: 1.56454 | AC5: =AVERAGE(Z5:AB5) -> 1.6726933 | AD5: =IFERROR(_xludf.STDEV.S(Z5:AB5)/AVERAGE(Z5:AB5)*100,"") | AE5: 1.4859 | AF5: 1.60644 | AG5: 1.62279 | AH5: =AVERAGE(AE5:AG5) -> 1.57171 | AI5: =IFERROR(_xludf.STDEV.S(AE5:AG5)/AVERAGE(AE5:AG5)*100,"") | AJ5: 0.14952 | AK5: 0.14386 | AL5: 0.14057 | AM5: =AVERAGE(AJ5:AL5) -> 0.14465 | AN5: =IFERROR(_xludf.STDEV.S(AJ5:AL5)/AVERAGE(AJ5:AL5)*100,"")
A6: Ch-12 | B6: Liver | C6: 1128.2124 | D6: 1125.7523 | E6: 1176.4188 | F6: =AVERAGE(C6:E6) -> 1143.4612 | G6: =IFERROR(_xludf.STDEV.S(C6:E6)/AVERAGE(C6:E6)*100,"") | H6: =IF(F6>0,"MDV-positive","Control/ND") -> MDV-positive | I6: =INDEX(Bird_Summary!$D$2:$D$24,MATCH(A6,Bird_Summary!$A$2:$A$24,0)) -> 521.52355 | J6: =INDEX(Bird_Summary!$F$2:$F$24,MATCH(A6,Bird_Summary!$A$2:$A$24,0)) -> Lower | K6: 0.7705 | L6: 0.73017 | M6: 0.7568 | N6: =AVERAGE(K6:M6) -> 0.75249 | O6: =IFERROR(_xludf.STDEV.S(K6:M6)/AVERAGE(K6:M6)*100,"") | P6: 0.10034 | Q6: 0.09927 | R6: 0.09344 | S6: =AVERAGE(P6:R6) -> 0.097683333 | T6: =IFERROR(_xludf.STDEV.S(P6:R6)/AVERAGE(P6:R6)*100,"") | U6: 1.53042 | V6: 1.44049 | W6: 1.52062 | X6: =AVERAGE(U6:W6) -> 1.4971767 | Y6: =IFERROR(_xludf.STDEV.S(U6:W6)/AVERAGE(U6:W6)*100,"") | Z6: 1.78468 | AA6: 1.59055 | AB6: 1.74297 | AC6: =AVERAGE(Z6:AB6) -> 1.7060667 | AD6: =IFERROR(_xludf.STDEV.S(Z6:AB6)/AVERAGE(Z6:AB6)*100,"") | AE6: 1.71079 | AF6: 1.5534 | AG6: 1.60235 | AH6: =AVERAGE(AE6:AG6) -> 1.62218 | AI6: =IFERROR(_xludf.STDEV.S(AE6:AG6)/AVERAGE(AE6:AG6)*100,"") | AJ6: 0.15839 | AK6: 0.14771 | AL6: 0.15671 | AM6: =AVERAGE(AJ6:AL6) -> 0.15427 | AN6: =IFERROR(_xludf.STDEV.S(AJ6:AL6)/AVERAGE(AJ6:AL6)*100,"")
A7: Ch-12 | B7: Spleen | C7: 334.59937 | D7: 165.30849 | E7: 213.68036 | F7: =AVERAGE(C7:E7) -> 237.86274 | G7: =IFERROR(_xludf.STDEV.S(C7:E7)/AVERAGE(C7:E7)*100,"") | H7: =IF(F7>0,"MDV-positive","Control/ND") -> MDV-positive | I7: =INDEX(Bird_Summary!$D$2:$D$24,MATCH(A7,Bird_Summary!$A$2:$A$24,0)) -> 521.52355 | J7: =INDEX(Bird_Summary!$F$2:$F$24,MATCH(A7,Bird_Summary!$A$2:$A$24,0)) -> Lower | K7: 1.45773 | L7: 1.46838 | M7: 1.3814 | N7: =AVERAGE(K7:M7) -> 1.4358367 | O7: =IFERROR(_xludf.STDEV.S(K7:M7)/AVERAGE(K7:M7)*100,"") | P7: 0.15468 | Q7: 0.14009 | R7: 0.15079 | S7: =AVERAGE(P7:R7) -> 0.14852 | T7: =IFERROR(_xludf.STDEV.S(P7:R7)/AVERAGE(P7:R7)*100,"") | U7: 1.1138 | V7: 1.12391 | W7: 1.03376 | X7: =AVERAGE(U7:W7) -> 1.09049 | Y7: =IFERROR(_xludf.STDEV.S(U7:W7)/AVERAGE(U7:W7)*100,"") | Z7: 1.60468 | AA7: 1.73173 | AB7: 1.60419 | AC7: =AVERAGE(Z7:AB7) -> 1.6468667 | AD7: =IFERROR(_xludf.STDEV.S(Z7:AB7)/AVERAGE(Z7:AB7)*100,"") | AE7: 2.31043 | AF7: 2.57197 | AG7: 2.59414 | AH7: =AVERAGE(AE7:AG7) -> 2.49218 | AI7: =IFERROR(_xludf.STDEV.S(AE7:AG7)/AVERAGE(AE7:AG7)*100,"") | AJ7: 0.20148 | AK7: 0.2138 | AL7: 0.21757 | AM7: =AVERAGE(AJ7:AL7) -> 0.21095 | AN7: =IFERROR(_xludf.STDEV.S(AJ7:AL7)/AVERAGE(AJ7:AL7)*100,"")
A8: Ch-13 | B8: Liver | C8: 1115.1436 | D8: 2349.7329 | E8: 1994.1724 | F8: =AVERAGE(C8:E8) -> 1819.6829 | G8: =IFERROR(_xludf.STDEV.S(C8:E8)/AVERAGE(C8:E8)*100,"") | H8: =IF(F8>0,"MDV-positive","Control/ND") -> MDV-positive | I8: =INDEX(Bird_Summary!$D$2:$D$24,MATCH(A8,Bird_Summary!$A$2:$A$24,0)) -> 203.65179 | J8: =INDEX(Bird_Summary!$F$2:$F$24,MATCH(A8,Bird_Summary!$A$2:$A$24,0)) -> Lower | K8: 1.43474 | L8: 1.26126 | M8: 1.35473 | N8: =AVERAGE(K8:M8) -> 1.3502433 | O8: =IFERROR(_xludf.STDEV.S(K8:M8)/AVERAGE(K8:M8)*100,"") | P8: 0.12111 | Q8: 0.11871 | R8: 0.12666 | S8: =AVERAGE(P8:R8) -> 0.12216 | T8: =IFERROR(_xludf.STDEV.S(P8:R8)/AVERAGE(P8:R8)*100,"") | U8: 0.90539 | V8: 0.83938 | W8: 0.81808 | X8: =AVERAGE(U8:W8) -> 0.85428333 | Y8: =IFERROR(_xludf.STDEV.S(U8:W8)/AVERAGE(U8:W8)*100,"") | Z8: 1.95376 | AA8: 2.08777 | AB8: 1.94389 | AC8: =AVERAGE(Z8:AB8) -> 1.99514 | AD8: =IFERROR(_xludf.STDEV.S(Z8:AB8)/AVERAGE(Z8:AB8)*100,"") | AE8: 0.91846 | AF8: 0.92907 | AG8: 0.85144 | AH8: =AVERAGE(AE8:AG8) -> 0.89965667 | AI8: =IFERROR(_xludf.STDEV.S(AE8:AG8)/AVERAGE(AE8:AG8)*100,"") | AJ8: 0.35827 | AK8: 0.40215 | AL8: 0.39188 | AM8: =AVERAGE(AJ8:AL8) -> 0.3841 | AN8: =IFERROR(_xludf.STDEV.S(AJ8:AL8)/AVERAGE(AJ8:AL8)*100,"")
A9: Ch-13 | B9: Spleen | C9: 10.406173 | D9: 43.414612 | E9: 14.554947 | F9: =AVERAGE(C9:E9) -> 22.79191 | G9: =IFERROR(_xludf.STDEV.S(C9:E9)/AVERAGE(C9:E9)*100,"") | H9: =IF(F9>0,"MDV-positive","Control/ND") -> MDV-positive | I9: =INDEX(Bird_Summary!$D$2:$D$24,MATCH(A9,Bird_Summary!$A$2:$A$24,0)) -> 203.65179 | J9: =INDEX(Bird_Summary!$F$2:$F$24,MATCH(A9,Bird_Summary!$A$2:$A$24,0)) -> Lower | K9: 2.12344 | L9: 2.00859 | M9: 2.26811 | N9: =AVERAGE(K9:M9) -> 2.13338 | O9: =IFERROR(_xludf.STDEV.S(K9:M9)/AVERAGE(K9:M9)*100,"") | P9: 0.1575 | Q9: 0.14576 | R9: 0.15448 | S9: =AVERAGE(P9:R9) -> 0.15258 | T9: =IFERROR(_xludf.STDEV.S(P9:R9)/AVERAGE(P9:R9)*100,"") | U9: 1.41151 | V9: 1.59193 | W9: 1.49952 | X9: =AVERAGE(U9:W9) -> 1.5009867 | Y9: =IFERROR(_xludf.STDEV.S(U9:W9)/AVERAGE(U9:W9)*100,"") | Z9: 1.76043 | AA9: 1.56955 | AB9: 1.59195 | AC9: =AVERAGE(Z9:AB9) -> 1.6406433 | AD9: =IFERROR(_xludf.STDEV.S(Z9:AB9)/AVERAGE(Z9:AB9)*100,"") | AE9: 1.24639 | AF9: 1.27847 | AG9: 1.34403 | AH9: =AVERAGE(AE9:AG9) -> 1.28963 | AI9: =IFERROR(_xludf.STDEV.S(AE9:AG9)/AVERAGE(AE9:AG9)*100,"") | AJ9: 0.27841 | AK9: 0.26779 | AL9: 0.28078 | AM9: =AVERAGE(AJ9:AL9) -> 0.27566 | AN9: =IFERROR(_xludf.STDEV.S(AJ9:AL9)/AVERAGE(AJ9:AL9)*100,"")
A10: Ch-18 | B10: Liver | C10: 70588.688 | D10: 81100.805 | E10: 56449.426 | F10: =AVERAGE(C10:E10) -> 69379.639 | G10: =IFERROR(_xludf.STDEV.S(C10:E10)/AVERAGE(C10:E10)*100,"") | H10: =IF(F10>0,"MDV-positive","Control/ND") -> MDV-positive | I10: =INDEX(Bird_Summary!$D$2:$D$24,MATCH(A10,Bird_Summary!$A$2:$A$24,0)) -> 11446.099 | J10: =INDEX(Bird_Summary!$F$2:$F$24,MATCH(A10,Bird_Summary!$A$2:$A$24,0)) -> Higher | K10: 0.7553 | L10: 0.69963 | M10: 0.71411 | N10: =AVERAGE(K10:M10) -> 0.72301333 | O10: =IFERROR(_xludf.STDEV.S(K10:M10)/AVERAGE(K10:M10)*100,"") | P10: 0.08289 | Q10: 0.08939 | R10: 0.09022 | S10: =AVERAGE(P10:R10) -> 0.0875 | T10: =IFERROR(_xludf.STDEV.S(P10:R10)/AVERAGE(P10:R10)*100,"") | U10: 3.97967 | V10: 4.29427 | W10: 3.95976 | X10: =AVERAGE(U10:W10) -> 4.0779 | Y10: =IFERROR(_xludf.STDEV.S(U10:W10)/AVERAGE(U10:W10)*100,"") | Z10: 6.06345 | AA10: 6.37845 | AB10: 6.13793 | AC10: =AVERAGE(Z10:AB10) -> 6.1932767 | AD10: =IFERROR(_xludf.STDEV.S(Z10:AB10)/AVERAGE(Z10:AB10)*100,"") | AE10: 5.0358 | AF10: 5.02577 | AG10: 5.25373 | AH10: =AVERAGE(AE10:AG10) -> 5.1051 | AI10: =IFERROR(_xludf.STDEV.S(AE10:AG10)/AVERAGE(AE10:AG10)*100,"") | AJ10: 0.64855 | AK10: 0.68088 | AL10: 0.68963 | AM10: =AVERAGE(AJ10:AL10) -> 0.67302 | AN10: =IFERROR(_xludf.STDEV.S(AJ10:AL10)/AVERAGE(AJ10:AL10)*100,"")
A11: Ch-18 | B11: Spleen | C11: 1104.6824 | D11: 1689.0934 | E11: 2871.2808 | F11: =AVERAGE(C11:E11) -> 1888.3522 | G11: =IFERROR(_xludf.STDEV.S(C11:E11)/AVERAGE(C11:E11)*100,"") | H11: =IF(F11>0,"MDV-positive","Control/ND") -> MDV-positive | I11: =INDEX(Bird_Summary!$D$2:$D$24,MATCH(A11,Bird_Summary!$A$2:$A$24,0)) -> 11446.099 | J11: =INDEX(Bird_Summary!$F$2:$F$24,MATCH(A11,Bird_Summary!$A$2:$A$24,0)) -> Higher | K11: 0.98133 | L11: 1.02388 | M11: 0.94688 | N11: =AVERAGE(K11:M11) -> 0.98403 | O11: =IFERROR(_xludf.STDEV.S(K11:M11)/AVERAGE(K11:M11)*100,"") | P11: 0.15274 | Q11: 0.16194 | R11: 0.14554 | S11: =AVERAGE(P11:R11) -> 0.15340667 | T11: =IFERROR(_xludf.STDEV.S(P11:R11)/AVERAGE(P11:R11)*100,"") | U11: 1.92856 | V11: 2.16311 | W11: 1.95844 | X11: =AVERAGE(U11:W11) -> 2.0167033 | Y11: =IFERROR(_xludf.STDEV.S(U11:W11)/AVERAGE(U11:W11)*100,"") | Z11: 5.02561 | AA11: 5.61136 | AB11: 5.08387 | AC11: =AVERAGE(Z11:AB11) -> 5.24028 | AD11: =IFERROR(_xludf.STDEV.S(Z11:AB11)/AVERAGE(Z11:AB11)*100,"") | AE11: 6.62069 | AF11: 6.47267 | AG11: 6.27572 | AH11: =AVERAGE(AE11:AG11) -> 6.45636 | AI11: =IFERROR(_xludf.STDEV.S(AE11:AG11)/AVERAGE(AE11:AG11)*100,"") | AJ11: 0.8867 | AK11: 0.89993 | AL11: 0.81557 | AM11: =AVERAGE(AJ11:AL11) -> 0.8674 | AN11: =IFERROR(_xludf.STDEV.S(AJ11:AL11)/AVERAGE(AJ11:AL11)*100,"")
A12: Ch-19 | B12: Liver | C12: 506.56122 | D12: 429.58304 | E12: 433.49033 | F12: =AVERAGE(C12:E12) -> 456.54486 | G12: =IFERROR(_xludf.STDEV.S(C12:E12)/AVERAGE(C12:E12)*100,"") | H12: =IF(F12>0,"MDV-positive","Control/ND") -> MDV-positive | I12: =INDEX(Bird_Summary!$D$2:$D$24,MATCH(A12,Bird_Summary!$A$2:$A$24,0)) -> 1623.6618 | J12: =INDEX(Bird_Summary!$F$2:$F$24,MATCH(A12,Bird_Summary!$A$2:$A$24,0)) -> Lower | K12: 1.42073 | L12: 1.30869 | M12: 1.36516 | N12: =AVERAGE(K12:M12) -> 1.36486 | O12: =IFERROR(_xludf.STDEV.S(K12:M12)/AVERAGE(K12:M12)*100,"") | P12: 0.12294 | Q12: 0.13979 | R12: 0.13123 | S12: =AVERAGE(P12:R12) -> 0.13132 | T12: =IFERROR(_xludf.STDEV.S(P12:R12)/AVERAGE(P12:R12)*100,"") | U12: 1.16538 | V12: 1.17608 | W12: 1.26997 | X12: =AVERAGE(U12:W12) -> 1.20381 | Y12: =IFERROR(_xludf.STDEV.S(U12:W12)/AVERAGE(U12:W12)*100,"") | Z12: 2.07742 | AA12: 2.06271 | AB12: 1.90274 | AC12: =AVERAGE(Z12:AB12) -> 2.01429 | AD12: =IFERROR(_xludf.STDEV.S(Z12:AB12)/AVERAGE(Z12:AB12)*100,"") | AE12: 0.90845 | AF12: 0.92141 | AG12: 0.97577 | AH12: =AVERAGE(AE12:AG12) -> 0.93521 | AI12: =IFERROR(_xludf.STDEV.S(AE12:AG12)/AVERAGE(AE12:AG12)*100,"") | AJ12: 0.15899 | AK12: 0.1786 | AL12: 0.17484 | AM12: =AVERAGE(AJ12:AL12) -> 0.17081 | AN12: =IFERROR(_xludf.STDEV.S(AJ12:AL12)/AVERAGE(AJ12:AL12)*100,"")
A13: Ch-19 | B13: Spleen | C13: 4286.9136 | D13: 6863.7627 | E13: 6172.5571 | F13: =AVERAGE(C13:E13) -> 5774.4111 | G13: =IFERROR(_xludf.STDEV.S(C13:E13)/AVERAGE(C13:E13)*100,"") | H13: =IF(F13>0,"MDV-positive","Control/ND") -> MDV-positive | I13: =INDEX(Bird_Summary!$D$2:$D$24,MATCH(A13,Bird_Summary!$A$2:$A$24,0)) -> 1623.6618 | J13: =INDEX(Bird_Summary!$F$2:$F$24,MATCH(A13,Bird_Summary!$A$2:$A$24,0)) -> Lower | K13: 1.82855 | L13: 1.7312 | M13: 1.92761 | N13: =AVERAGE(K13:M13) -> 1.82912 | O13: =IFERROR(_xludf.STDEV.S(K13:M13)/AVERAGE(K13:M13)*100,"") | P13: 0.1788 | Q13: 0.17383 | R13: 0.19013 | S13: =AVERAGE(P13:R13) -> 0.18092 | T13: =IFERROR(_xludf.STDEV.S(P13:R13)/AVERAGE(P13:R13)*100,"") | U13: 2.39227 | V13: 2.25858 | W13: 2.45525 | X13: =AVERAGE(U13:W13) -> 2.3687 | Y13: =IFERROR(_xludf.STDEV.S(U13:W13)/AVERAGE(U13:W13)*100,"") | Z13: 3.21519 | AA13: 3.41741 | AB13: 3.31761 | AC13: =AVERAGE(Z13:AB13) -> 3.3167367 | AD13: =IFERROR(_xludf.STDEV.S(Z13:AB13)/AVERAGE(Z13:AB13)*100,"") | AE13: 3.7469 | AF13: 3.95614 | AG13: 3.77547 | AH13: =AVERAGE(AE13:AG13) -> 3.82617 | AI13: =IFERROR(_xludf.STDEV.S(AE13:AG13)/AVERAGE(AE13:AG13)*100,"") | AJ13: 0.35772 | AK13: 0.33547 | AL13: 0.34106 | AM13: =AVERAGE(AJ13:AL13) -> 0.34475 | AN13: =IFERROR(_xludf.STDEV.S(AJ13:AL13)/AVERAGE(AJ13:AL13)*100,"")
... A47: N-5 | B47: Spleen | C47: 0 | D47: 0 | E47: 0 | F47: =AVERAGE(C47:E47) -> 0 | G47: =IFERROR(_xludf.STDEV.S(C47:E47)/AVERAGE(C47:E47)*100,"") | H47: =IF(F47>0,"MDV-positive","Control/ND") -> Control/ND | I47: =INDEX(Bird_Summary!$D$2:$D$24,MATCH(A47,Bird_Summary!$A$2:$A$24,0)) | J47: =INDEX(Bird_Summary!$F$2:$F$24,MATCH(A47,Bird_Summary!$A$2:$A$24,0)) -> Control | K47: 1.65148 | L47: 1.75654 | M47: 1.66237 | N47: =AVERAGE(K47:M47) -> 1.69013 | O47: =IFERROR(_xludf.STDEV.S(K47:M47)/AVERAGE(K47:M47)*100,"") | P47: 0.16007 | Q47: 0.14915 | R47: 0.16951 | S47: =AVERAGE(P47:R47) -> 0.15957667 | T47: =IFERROR(_xludf.STDEV.S(P47:R47)/AVERAGE(P47:R47)*100,"") | U47: 0.18494 | V47: 0.19996 | W47: 0.1812 | X47: =AVERAGE(U47:W47) -> 0.1887 | Y47: =IFERROR(_xludf.STDEV.S(U47:W47)/AVERAGE(U47:W47)*100,"") | Z47: 1.4856 | AA47: 1.34273 | AB47: 1.3222 | AC47: =AVERAGE(Z47:AB47) -> 1.38351 | AD47: =IFERROR(_xludf.STDEV.S(Z47:AB47)/AVERAGE(Z47:AB47)*100,"") | AE47: 0.67242 | AF47: 0.63154 | AG47: 0.65929 | AH47: =AVERAGE(AE47:AG47) -> 0.65441667 | AI47: =IFERROR(_xludf.STDEV.S(AE47:AG47)/AVERAGE(AE47:AG47)*100,"") | AJ47: 0.06828 | AK47: 0.07114 | AL47: 0.06347 | AM47: =AVERAGE(AJ47:AL47) -> 0.06763 | AN47: =IFERROR(_xludf.STDEV.S(AJ47:AL47)/AVERAGE(AJ47:AL47)*100,"")

Sheet Bird_Summary
A1: SampleName | B1: Liver_MDV_Mean | C1: Spleen_MDV_Mean | D1: Systemic_Burden | E1: MDV_Status | F1: Burden_Group | H1: Parameter | I1: Value
A2: Ch-8 | B2: =SUMIFS(Combined_Data!$F:$F,Combined_Data!$A:$A,A2,Combined_Data!$B:$B,"Liver") -> 600.0395 | C2: =SUMIFS(Combined_Data!$F:$F,Combined_Data!$A:$A,A2,Combined_Data!$B:$B,"Spleen") -> 60.618429 | D2: =IF(AND(B2>0,C2>0),SQRT(B2*C2),"") -> 190.71825 | E2: =IF(D2<>"","MDV-positive","Control/ND") -> MDV-positive | F2: =IF(E2<>"MDV-positive","Control",IF(D2<=$I$2,"Lower","Higher")) -> Lower | H2: Median systemic cutoff | I2: =MEDIAN(D2:D19) -> 2983.5403
A3: Ch-9 | B3: =SUMIFS(Combined_Data!$F:$F,Combined_Data!$A:$A,A3,Combined_Data!$B:$B,"Liver") -> 50.500713 | C3: =SUMIFS(Combined_Data!$F:$F,Combined_Data!$A:$A,A3,Combined_Data!$B:$B,"Spleen") -> 166.13474 | D3: =IF(AND(B3>0,C3>0),SQRT(B3*C3),"") -> 91.596521 | E3: =IF(D3<>"","MDV-positive","Control/ND") -> MDV-positive | F3: =IF(E3<>"MDV-positive","Control",IF(D3<=$I$2,"Lower","Higher")) -> Lower | H3: MDV-positive birds | I3: =COUNT(D2:D24) -> 18
A4: Ch-12 | B4: =SUMIFS(Combined_Data!$F:$F,Combined_Data!$A:$A,A4,Combined_Data!$B:$B,"Liver") -> 1143.4612 | C4: =SUMIFS(Combined_Data!$F:$F,Combined_Data!$A:$A,A4,Combined_Data!$B:$B,"Spleen") -> 237.86274 | D4: =IF(AND(B4>0,C4>0),SQRT(B4*C4),"") -> 521.52355 | E4: =IF(D4<>"","MDV-positive","Control/ND") -> MDV-positive | F4: =IF(E4<>"MDV-positive","Control",IF(D4<=$I$2,"Lower","Higher")) -> Lower | H4: Grouping rule | I4: ≤ cutoff = Lower; > cutoff = Higher
A5: Ch-13 | B5: =SUMIFS(Combined_Data!$F:$F,Combined_Data!$A:$A,A5,Combined_Data!$B:$B,"Liver") -> 1819.6829 | C5: =SUMIFS(Combined_Data!$F:$F,Combined_Data!$A:$A,A5,Combined_Data!$B:$B,"Spleen") -> 22.79191 | D5: =IF(AND(B5>0,C5>0),SQRT(B5*C5),"") -> 203.65179 | E5: =IF(D5<>"","MDV-positive","Control/ND") -> MDV-positive | F5: =IF(E5<>"MDV-positive","Control",IF(D5<=$I$2,"Lower","Higher")) -> Lower
A6: Ch-18 | B6: =SUMIFS(Combined_Data!$F:$F,Combined_Data!$A:$A,A6,Combined_Data!$B:$B,"Liver") -> 69379.639 | C6: =SUMIFS(Combined_Data!$F:$F,Combined_Data!$A:$A,A6,Combined_Data!$B:$B,"Spleen") -> 1888.3522 | D6: =IF(AND(B6>0,C6>0),SQRT(B6*C6),"") -> 11446.099 | E6: =IF(D6<>"","MDV-positive","Control/ND") -> MDV-positive | F6: =IF(E6<>"MDV-positive","Control",IF(D6<=$I$2,"Lower","Higher")) -> Higher
A7: Ch-19 | B7: =SUMIFS(Combined_Data!$F:$F,Combined_Data!$A:$A,A7,Combined_Data!$B:$B,"Liver") -> 456.54486 | C7: =SUMIFS(Combined_Data!$F:$F,Combined_Data!$A:$A,A7,Combined_Data!$B:$B,"Spleen") -> 5774.4111 | D7: =IF(AND(B7>0,C7>0),SQRT(B7*C7),"") -> 1623.6618 | E7: =IF(D7<>"","MDV-positive","Control/ND") -> MDV-positive | F7: =IF(E7<>"MDV-positive","Control",IF(D7<=$I$2,"Lower","Higher")) -> Lower
A8: Ch-20 | B8: =SUMIFS(Combined_Data!$F:$F,Combined_Data!$A:$A,A8,Combined_Data!$B:$B,"Liver") -> 9972.8949 | C8: =SUMIFS(Combined_Data!$F:$F,Combined_Data!$A:$A,A8,Combined_Data!$B:$B,"Spleen") -> 1450.6346 | D8: =IF(AND(B8>0,C8>0),SQRT(B8*C8),"") -> 3803.5545 | E8: =IF(D8<>"","MDV-positive","Control/ND") -> MDV-positive | F8: =IF(E8<>"MDV-positive","Control",IF(D8<=$I$2,"Lower","Higher")) -> Higher
A9: Ch-21 | B9: =SUMIFS(Combined_Data!$F:$F,Combined_Data!$A:$A,A9,Combined_Data!$B:$B,"Liver") -> 2216.7712 | C9: =SUMIFS(Combined_Data!$F:$F,Combined_Data!$A:$A,A9,Combined_Data!$B:$B,"Spleen") -> 124.02143 | D9: =IF(AND(B9>0,C9>0),SQRT(B9*C9),"") -> 524.33496 | E9: =IF(D9<>"","MDV-positive","Control/ND") -> MDV-positive | F9: =IF(E9<>"MDV-positive","Control",IF(D9<=$I$2,"Lower","Higher")) -> Lower
A10: Ch-23 | B10: =SUMIFS(Combined_Data!$F:$F,Combined_Data!$A:$A,A10,Combined_Data!$B:$B,"Liver") -> 11143.351 | C10: =SUMIFS(Combined_Data!$F:$F,Combined_Data!$A:$A,A10,Combined_Data!$B:$B,"Spleen") -> 14985.22 | D10: =IF(AND(B10>0,C10>0),SQRT(B10*C10),"") -> 12922.289 | E10: =IF(D10<>"","MDV-positive","Control/ND") -> MDV-positive | F10: =IF(E10<>"MDV-positive","Control",IF(D10<=$I$2,"Lower","Higher")) -> Higher
A11: Ch-24 | B11: =SUMIFS(Combined_Data!$F:$F,Combined_Data!$A:$A,A11,Combined_Data!$B:$B,"Liver") -> 86816.359 | C11: =SUMIFS(Combined_Data!$F:$F,Combined_Data!$A:$A,A11,Combined_Data!$B:$B,"Spleen") -> 14503.521 | D11: =IF(AND(B11>0,C11>0),SQRT(B11*C11),"") -> 35484.404 | E11: =IF(D11<>"","MDV-positive","Control/ND") -> MDV-positive | F11: =IF(E11<>"MDV-positive","Control",IF(D11<=$I$2,"Lower","Higher")) -> Higher
A12: Ch-25 | B12: =SUMIFS(Combined_Data!$F:$F,Combined_Data!$A:$A,A12,Combined_Data!$B:$B,"Liver") -> 306.19282 | C12: =SUMIFS(Combined_Data!$F:$F,Combined_Data!$A:$A,A12,Combined_Data!$B:$B,"Spleen") -> 7601.2616 | D12: =IF(AND(B12>0,C12>0),SQRT(B12*C12),"") -> 1525.5988 | E12: =IF(D12<>"","MDV-positive","Control/ND") -> MDV-positive | F12: =IF(E12<>"MDV-positive","Control",IF(D12<=$I$2,"Lower","Higher")) -> Lower
A13: Ch-26 | B13: =SUMIFS(Combined_Data!$F:$F,Combined_Data!$A:$A,A13,Combined_Data!$B:$B,"Liver") -> 6659.6711 | C13: =SUMIFS(Combined_Data!$F:$F,Combined_Data!$A:$A,A13,Combined_Data!$B:$B,"Spleen") -> 3344.3323 | D13: =IF(AND(B13>0,C13>0),SQRT(B13*C13),"") -> 4719.3382 | E13: =IF(D13<>"","MDV-positive","Control/ND") -> MDV-positive | F13: =IF(E13<>"MDV-positive","Control",IF(D13<=$I$2,"Lower","Higher")) -> Higher
A14: Ch-27 | B14: =SUMIFS(Combined_Data!$F:$F,Combined_Data!$A:$A,A14,Combined_Data!$B:$B,"Liver") -> 7554.9679 | C14: =SUMIFS(Combined_Data!$F:$F,Combined_Data!$A:$A,A14,Combined_Data!$B:$B,"Spleen") -> 6278.6564 | D14: =IF(AND(B14>0,C14>0),SQRT(B14*C14),"") -> 6887.3106 | E14: =IF(D14<>"","MDV-positive","Control/ND") -> MDV-positive | F14: =IF(E14<>"MDV-positive","Control",IF(D14<=$I$2,"Lower","Higher")) -> Higher
A15: Ch-29 | B15: =SUMIFS(Combined_Data!$F:$F,Combined_Data!$A:$A,A15,Combined_Data!$B:$B,"Liver") -> 3654.2673 | C15: =SUMIFS(Combined_Data!$F:$F,Combined_Data!$A:$A,A15,Combined_Data!$B:$B,"Spleen") -> 1064.5246 | D15: =IF(AND(B15>0,C15>0),SQRT(B15*C15),"") -> 1972.3228 | E15: =IF(D15<>"","MDV-positive","Control/ND") -> MDV-positive | F15: =IF(E15<>"MDV-positive","Control",IF(D15<=$I$2,"Lower","Higher")) -> Lower
A16: Ch-32 | B16: =SUMIFS(Combined_Data!$F:$F,Combined_Data!$A:$A,A16,Combined_Data!$B:$B,"Liver") -> 30504.283 | C16: =SUMIFS(Combined_Data!$F:$F,Combined_Data!$A:$A,A16,Combined_Data!$B:$B,"Spleen") -> 1010.6247 | D16: =IF(AND(B16>0,C16>0),SQRT(B16*C16),"") -> 5552.3312 | E16: =IF(D16<>"","MDV-positive","Control/ND") -> MDV-positive | F16: =IF(E16<>"MDV-positive","Control",IF(D16<=$I$2,"Lower","Higher")) -> Higher
... A24: N-5 | B24: =SUMIFS(Combined_Data!$F:$F,Combined_Data!$A:$A,A24,Combined_Data!$B:$B,"Liver") -> 0 | C24: =SUMIFS(Combined_Data!$F:$F,Combined_Data!$A:$A,A24,Combined_Data!$B:$B,"Spleen") -> 0 | D24: =IF(AND(B24>0,C24>0),SQRT(B24*C24),"") | E24: =IF(D24<>"","MDV-positive","Control/ND") -> Control/ND | F24: =IF(E24<>"MDV-positive","Control",IF(D24<=$I$2,"Lower","Higher")) -> Control
